<?xml version="1.0" encoding="UTF-8"?>
<!DOCTYPE why3session PUBLIC "-//Why3//proof session v5//EN"
"http://why3.lri.fr/why3session.dtd">
<why3session shape_version="6">
<prover id="0" name="Alt-Ergo" version="2.3.3" timelimit="5" steplimit="0" memlimit="1000"/>
<file format="ocaml" proved="true">
<path name=".."/><path name="ElInArray.ml"/>
<theory name="ElInArray" proved="true">
 <goal name="elinarray&#39;vc" expl="VC for elinarray" proved="true">
 <transf name="split_vc" proved="true" >
  <goal name="elinarray&#39;vc.0" expl="loop invariant init" proved="true">
  <proof prover="0"><result status="valid" time="0.01" steps="8"/></proof>
  </goal>
  <goal name="elinarray&#39;vc.1" expl="index in array bounds" proved="true">
  <proof prover="0"><result status="valid" time="0.01" steps="10"/></proof>
  </goal>
  <goal name="elinarray&#39;vc.2" expl="postcondition" proved="true">
  <proof prover="0"><result status="valid" time="0.01" steps="12"/></proof>
  </goal>
  <goal name="elinarray&#39;vc.3" expl="loop invariant preservation" proved="true">
  <proof prover="0"><result status="valid" time="0.01" steps="18"/></proof>
  </goal>
  <goal name="elinarray&#39;vc.4" expl="postcondition" proved="true">
  <proof prover="0"><result status="valid" time="0.01" steps="12"/></proof>
  </goal>
  <goal name="elinarray&#39;vc.5" expl="postcondition" proved="true">
  <proof prover="0"><result status="valid" time="0.01" steps="6"/></proof>
  </goal>
 </transf>
 </goal>
</theory>
</file>
</why3session>
